,EventTemplate,Occurrences
0,Created MRAppMaster for application {appattempt},1
1,Executing with tokens:,1
2,"Kind: {kind}, Service: {service}, Ident: (appAttemptId { application_id { id: {id} cluster_timestamp: {timestamp} } attemptId: {attemptId} } keyId: {keyId})",1
3,Using mapred newApiCommitter.,1
4,OutputCommitter set in config {config},1
5,OutputCommitter is {committer},1
6,Registering class {class} for class {handler},2
7,Registering class {class} for class {class},4
8,Registering class {class1} for class {class2},3
9,Default file system [{filesystem}],3
10,Emitting job history data to the timeline server is not enabled,1
11,loaded properties from {file},1
12,Scheduled snapshot period at {seconds} second(s).,1
13,{text} metrics system started,1
14,Adding job token for {job} to jobTokenSecretManager,1
15,Not uberizing {job} because: {reason}; {reason}; {reason};,1
16,Input size for job {job} = {size}. Number of splits = {splits},1
17,Number of reduces for job {job} = {count},1
18,{job}Job Transitioned from NEW to INITED,1
19,"MRAppMaster launching normal, non-uberized, multi-container job {job}.",1
20,Using callQueue class {class},2
21,Starting Socket Reader #{number} for port {port},2
22,Adding protocol {protocol} to the server,1
23,Instantiated MRClientService at {server}/{ip},1
24,IPC Server Responder: starting,2
25,IPC Server listener on {port}: starting,2
26,Logging to {logger} via {adapter},1
27,Http request log for {url} is not defined,1
28,Added global filter '{filter}' (class={class}),1
29,Added filter {filter} (class={class}) to context {context},1
30,Added filter {filter} (class={class}) to context static,1
31,adding path spec: {path},2
32,{server} bound to port {port},1
33,{server},1
34,Extract {type}:{path} to {destination},1
35,Started {server},1
36,Web app /mapreduce started at {port},1
37,Registered webapp guice modules,1
38,JOB_CREATE {job},1
39,nodeBlacklistingEnabled:{bool},1
40,maxTaskFailuresPerNode is {int},1
41,blacklistDisablePercent is {int},1
42,Connecting to ResourceManager at {server},1
43,"maxContainerCapability: <memory:{memory}, vCores:{cores}>",1
44,queue: {queue},1
45,Upper limit on the thread pool size is {limit},1
46,yarn.client.max-cached-nodemanagers-proxies : {number},1
47,{job}Job Transitioned from INITED to SETUP,1
48,Processing the event EventType: {EventType},3
49,{job}Job Transitioned from SETUP to RUNNING,1
50,Resolved {address} to {path},39
51,{task} Task Transitioned from NEW to SCHEDULED,11
52,{attempt} TaskAttempt Transitioned from NEW to UNASSIGNED,14
53,"mapResourceRequest:<memory:{memory}, vCores:{cores}>",1
54,"Event Writer setup for JobId: {jobId}, File: {file}",1
55,"reduceResourceRequest:<memory:{memory}, vCores:{core}>",1
56,Before Scheduling: PendingReds:{int} ScheduledMaps:{int} ScheduledReds:{int} AssignedMaps:{int} AssignedReds:{int} CompletedMaps:{int} CompletedReds:{int} ContAlloc:{int} ContRel:{int} HostLocal:{int} RackLocal:{int},5
57,"getResources() for {application}: ask={ask} release={release} newContainers={newContainers} finishedContainers={finishedContainers} resourcelimit=<memory:{memory}, vCores:{core}> knownNMs={knownNMs}",8
58,"Recalculating schedule, headroom=<memory:{memory}, vCores:{core}>",10
59,Reduce slow start threshold not met. completedMapsForReduceSlowstart {code},130
60,Got allocated containers {count},10
61,Assigned container {container} to {attempt},10
62,After Scheduling: PendingReds:{int} ScheduledMaps:{int} ScheduledReds:{int} AssignedMaps:{int} AssignedReds:{int} CompletedMaps:{int} CompletedReds:{int} ContAlloc:{int} ContRel:{int} HostLocal:{int} RackLocal:{int},12
63,The job-jar file on the remote FS is {path},1
64,The job-conf file on the remote FS is {path},1
65,Adding #{num1} tokens and #{num2} secret keys for NM use for launching container,1
66,Size of {container} is {count},1
67,Putting shuffle token in {data},1
68,{attempt} TaskAttempt Transitioned from UNASSIGNED to ASSIGNED,10
69,Processing the event EventType: {EventType} for container {container} taskAttempt {taskAttempt},13
70,Launching {attempt},10
71,Opening proxy : {address},1
72,{message} for {attempt} : {port},7
73,TaskAttempt: [{attempt}] using containerId: [{container} on NM: [{server}:{port}],9
74,{attempt} TaskAttempt Transitioned from ASSIGNED to RUNNING,10
75,{code} task_{task},4
76,{task} Task Transitioned from SCHEDULED to RUNNING,10
77,"getResources() for {application}: ask={ask} release={release} newContainers={newContainers} finishedContainers={finishedContainers} resourcelimit=<memory:{memory}, vCores:{cores}> knownNMs={knownNMs}",1
78,Opening proxy : {server}:{port},12
79,TaskAttempt: [{attempt}] using containerId: [{container} on NM: [{NM}:{port}],1
80,{ATTEMPT_START} task_{task}_m_{m},5
81,Auth successful for {job} (auth:{auth}),10
82,JVM with ID : {jvm} asked for a task,10
83,JVM with ID: {ID} given task: {task},4
84,"Recalculating schedule, headroom=<memory:{memory}, vCores:{core}",121
85,JVM with ID: {jvmID} given task: {task},6
86,Progress of TaskAttempt {task} is : {progress},289
87,Shuffle port returned by ContainerManager for {attempt} : {port},2
88,{ATTEMPT_START} task_{task}_m_{m_id},1
89,getResources() for {application}: ask={ask} release={release} newContainers={newContainers} finishedContainers={finishedContainers} resourcelimit={limit} knownNMs={knownNMs},3
90,{message} : {port},1
91,"Cannot assign container Container: [ContainerId: {containerId}, NodeId: {nodeId}, NodeHttpAddress: {nodeHttpAddress}, Resource: {resource}, Priority: {priority}, Token: Token { kind: ContainerToken, service: {service} }, ] for a map as either  container memory less than required {memory} or no pending map tasks - maps.isEmpty={bool}",1
92,Received completed container {container},2
93,Container complete event for unknown container id {container_id},1
94,Done acknowledgement from {attempt},1
95,{attempt} TaskAttempt Transitioned from {fromState} to {toState},1
96,KILLING {attempt},3
97,{attempt} TaskAttempt Transitioned from {from} to {to},7
98,Task succeeded with attempt {attempt},1
99,{task} Task Transitioned from {from} to {to},1
100,Num completed Tasks: {count},1
101,Reduce slow start threshold reached. Scheduling reduces.,1
102,All maps assigned. Ramping up all remaining reduces:{int},1
103,DefaultSpeculator.addSpeculativeAttempt -- we are speculating {task},1
104,We launched {count} speculations. Sleeping {time} milliseconds.,1
105,Scheduling a redundant attempt for task {task},1
106,Diagnostics report from {attempt}: {message},1
107,Address change detected. Old: {oldAddress} New: {newAddress},476
108,Failed to renew lease for [{task}] for {seconds} seconds. Will retry shortly ...,326
109,"Slow ReadProcessor read fields took {time}ms (threshold={threshold}ms); ack: seqno: {seqno} status: {status} status: {status} downstreamAckTimeNanos: {downstreamAckTimeNanos}, targets: [{targets}]",1
110,DFSOutputStream ResponseProcessor exception  for block {block},1
111,Error Recovery for block {block} in pipeline {pipeline}: bad datanode {datanode},1
112,DataStreamer Exception,1
113,ERROR IN CONTACTING RM.,147
114,"Retrying connect to server: {server}. Already tried {count} time(s); retry policy is RetryUpToMaximumCountWithFixedSleep(maxRetries={count}, sleepTime={count} MILLISECONDS)",146
115,Task: {attempt} - exited : java.net.NoRouteToHostException: No Route to Host from  {source}/{ip} to {server}:{port} failed on socket timeout exception: java.net.NoRouteToHostException: No route to host: no further information; For more details see:  http://wiki.apache.org/hadoop/NoRouteToHost,2
116,Diagnostics report from {attempt}: Error: {error}: {details}; For more details see: {link},1
117,Diagnostics report from {attempt}: Error: {error}; For more details see: {link},3
118,Task cleanup failed for attempt {attempt},2
119,Error writing History Event: {event},1
120,"Thread Thread[{threadName},{threadPriority},{threadGroup}] threw an Exception.",1
121,{count} failures on node {node},2
122,Added {attempt} to list of failed maps,2
